name,website
F-drones,f-drones.com
Garuda Robotics,garudarobotics.com
H3 Dynamics,h3dynamics.com
Aerolion Technologies,aerolion.com
Flare Dynamics,flaredynamics.com
Performance Rotors,performance-rotors.com
MIRS Innovate,mirsinnovate.com.sg
Avetics Global,avetics.com
Heron Technology,heron-technology.com
Airsquire,airsquire.ai
Hope Technik,hopetechnik.com
DroNet,dronet.sg
BeeX,beex.sg
Aonic,aonic.com
Skyy Design Workshop,skyydesign.com
Infinium Robotics,infiniumrobotics.com
Weston Robot,westonrobot.com
STYL Solutions,styl.com.sg
NovaCity,novacitynets.com
Volarious,volarious.com
Sensyn Robotics,sensyn-robotics.com
PRODRONE,prodrone.com
Aeronext,aeronext.com
Nileworks,nileworks.co.jp
Liberaware,liberaware.co.jp
Blue innovation,blue-i.co.jp
SkymatiX,skymatix.co.jp
FLIGHTS Inc,flightsinc.jp
Clue Inc,corp.t-clue.com
SkyLink Japan,skylinkjapan.com
V-TOL,vtol.co.jp
Iwaya,iwaya.biz
Space Entertainment Laboratory,selab.jp
Robodex,robodex.co.jp
DroneWorks,drone.co.jp
Amuse Oneself,amuse-oneself.com
Aion,aion.co.jp
RT.Works,rtworks.co.jp
Cartivator,cartivator.com
Skybotix,skybotix.com
Hexa,hexa.co.jp
Drone iT,drone-it.co.jp
Truebizon,truebizon.com
Drone Mine,drone-mine.co.jp
VFR Inc,vfr.co.jp
ARAV,arav.jp
Tsukuba Technology,tsukubatech.co.jp
KDDI SmartDrone,kddi.smartdrone.co.jp
Aerosense,aerosense.co.jp
Rapyuta Robotics,rapyuta-robotics.com
Telexistence,tx-inc.com
Plott,plott.co.jp
Drone Department,drone-dept.jp
i-Robotics,irobotics.jp
Eukarya,eukarya.io
A-Tech,a-tech.co.jp
Eams Robotics,eams-robo.co.jp
Dronet Japan,dronet.jp
Skyports,skyports.net
Altitude Angel,altitudeangel.com
sees.ai,sees.ai
Evolve Dynamics,evolvedynamics.com
Vulcan UAV,vulcanuav.com
Coptrz,coptrz.com
Consortiq,consortiq.com
Cyberhawk,thecyberhawk.com
Dendra Systems,dendra.io
Flock,flockcover.com
Operational Solutions,operationalsolutions.co.uk
Flare Bright,flarebright.com
RAWview,rawview.co.uk
Iprosurv,iprosurv.com
Moonrock Insurance,moonrockinsurance.com
Dronecloud,dronecloud.io
HEROTECH8,herotech8.com
Sky-Drones,sky-drones.com
Heliguy,heliguy.com
NUNCATS,nuncats.org
Windracers,windracers.com
Flylogix,flylogix.com
UAVTEK,uavtek.co.uk
Aetha,aetha.co.uk
RUAS,ruas.co.uk
Stratospheric Platforms,stratosphericplatforms.com
Callen-Lenz,callenlenz.com
Motion Robotics,motionrobotics.co.uk
Emu Aviation,emuaviation.com
Across Safety,acrosssafety.com
Neuron Innovations,neuron.aero
Drone Defence,dronedefence.co.uk
Animal Dynamics,animal-dynamics.com
Aerial Direct,aerial-direct.co.uk
DronePrep,droneprep.uk
SOARIZON,soarizon.com
Aeraccess,aeraccess-group.com
Airwards,airwards.co
UAVaid,uavaid.com
Colena,colena.uk
Droneflight,droneflight.co.uk
Sensat,sensat.co.uk
Skeye,skeyeuav.com
Hummingbird Technologies,hummingbirdtech.com
ROAVR,roavr.co.uk
Skybound Rescuer,skyboundrescuer.com
Skyfarer,skyfarer.co.uk
Volans,volans.co.uk
Ocuair,ocuair.com
Drone AG,droneag.farm
Plowman Craven,plowmancraven.co.uk
Texo DSI,texodsi.co.uk
Triskele Drones,triskeledrones.com
I-Drones,i-drones.co.uk
Vantage UAV,vantageuav.com
Aerial Motion Pictures,aerialmotionpictures.co.uk
Surveytech,surveytech.co.uk
Dronesurv,dronesurv.co.uk
Zipline,zipline.com
Freefly Systems,freeflysystems.com
BRINC Drones,brincdrones.com
Hylio,hylio.com
Guardian Agriculture,guardian.ag
Vantage Robotics,vantagerobotics.com
Ascent AeroSystems,ascentaerosystems.com
Easy Aerial,easyaerial.com
xCraft,xcraft.io
Elroy Air,elroyair.com
Pyka,flypyka.com
Reliable Robotics,reliable.co
Xwing,xwing.com
Merlin Labs,merlinlabs.com
Skycatch,skycatch.com
Aloft,aloft.ai
Dedrone,dedrone.com
Fortem Technologies,fortemtech.com
Echodyne,echodyne.com
WhiteFox Defense,whitefoxdefense.com
MatrixSpace,matrixspace.com
Asylon,asylonrobotics.com
Airspace Systems,airspacesystems.com
Mastodon,mastodon.eco
Corvus Robotics,corvus-robotics.com
Ware,getware.com
Vayu Aerospace,vayuaerospace.com
Airgility,airgility.co
Spright,flyspright.com
Valqari,valqari.com
Aergility,aergility.com
Parallel Flight Technologies,parallelflight.com
Sabrewing Aircraft,sabrewingaircraft.com
Natilus,natilus.co
ModalAI,modalai.com
Autel Robotics US,autelrobotics.com
Lumenier,lumenier.com
GetFPV,getfpv.com
Rotor Riot,rotorriot.com
Fat Shark,fatshark.com
Inspired Flight,inspiredflight.com
Harris Aerial,harrisaerial.com
Vision Aerial,visionaerial.com
Skyfront,skyfront.com
Watts Innovations,wattsinnovations.com
Advanced Tactics,advancedtacticsinc.com
Aerovel,aerovel.com
Platform Aerospace,platformaerospace.com
Silent Falcon UAS,silentfalconuas.com
Swift Engineering,swiftengineering.com
ULC Robotics,ulcrobotics.com
GreenSight,greensightag.com
SlantRange,slantrange.com
Sentera,sentera.com
MicaSense,micasense.com
Headwall Photonics,headwallphotonics.com
Resonon,resonon.com
Hoverseen,hoverseen.com
Nightingale Security,nightingalesecurity.com
Sunflower Labs,sunflower-labs.com
Aptonomy,aptonomy.com
Fotokite,fotokite.com
LIFT Aircraft,liftaircraft.com
Ryse Aero Technologies,ryseaero.com
Talyn Air,talyn.com
Transcend Air,transcend.aero
Alakai Technologies,alakai.com
XTI Aircraft,xtiaircraft.com
Tier 1 Engineering,tier1engineering.com
Drone Up,droneup.com
Flytrex,flytrex.com
Causey Aviation Unmanned,causeyaviationunmanned.com
A2Z Drone Delivery,a2zdronedelivery.com
ZenaDrone,zenadrone.com
Aquiline Drones,aquilinedrones.com
DroneAmerica,droneamerica.com
Griffon Aerospace,griffonaerospace.com
Phenix Solutions,phenixuas.com
General Atomics,generalatomics.com
Aurora Flight Sciences,aurora.aero
AVX Aircraft,avxaircraft.com
Edge Autonomy,edgeautonomy.io
BlueHalo,bluehalo.com
Airspace Link,airspacelink.com
Pierce Aerospace,pierceaerospace.net
TruWeather Solutions,truweathersolutions.com
ResilienX,resilienx.com
Simulyze,simulyze.com
OneSky,onesky.xyz
Paladin Drones,paladindrones.io
Optelos,optelos.com
Propeller Aero,propelleraero.com
DataWing Global,datawing.com
HuvrData,huvrdata.com
Liteye Systems,liteye.com
Gryphon Sensors,gryphonsensors.com
SRC,srcinc.com
Matternet,mttr.net
Zing Drone Delivery,zingdrones.com
SkyDrop,getskydrop.com
Drone Nerds,dronenerds.com
Hitec RCD,hitecrcd.com
Volatus Aerospace US,volatusaerospace.com
Sentien Robotics,sentienrobotics.com
Skyfish,skyfish.ai
Green Valley International,greenvalleyintl.com
Targarm,targarm.com
Dronelink,dronelink.com
Epic Games,epicgames.com
Discord,discord.com
Pocket Gems,pocketgems.com
Jam City,jamcity.com
Rec Room,recroom.com
Mythical Games,mythicalgames.com
Manticore Games,manticoregames.com
Second Dinner,seconddinner.com
Theorycraft Games,theorycraftgames.com
Frost Giant Studios,frostgiant.com
Mountaintop Studios,mountaintop-studios.com
Singularity 6,singularity6.com
Playco,playco.com
Thatgamecompany,thatgamecompany.com
Believer Games,believer.gg
Modulate,modulate.ai
Pragma Platform,pragma.gg
AccelByte,accelbyte.io
Nifty Games,niftygames.com
Playful Studios,playfulstudios.com
Lightforge Games,lightforgegames.com
Wildcard Alliance,wildcard.game
100 Thieves,100thieves.com
Cloud9,cloud9.gg
TSM,tsm.gg
Super Evil Megacorp,superevilmegacorp.com
Kixeye,kixeye.com
Gunfire Games,gunfiregames.com
Airship Syndicate,airshipsyndicate.com
Unknown Worlds,unknownworlds.com
Offworld Industries,offworldindustries.com
Robot Entertainment,robotentertainment.com
Supergiant Games,supergiantgames.com
Yacht Club Games,yachtclubgames.com
Endnight Games,endnightgames.com
Mob Entertainment,mobentertainment.com
Statespace,statespace.gg
Metafy,metafy.gg
Medal.tv,medal.tv
Overwolf,overwolf.com
Mobalytics,mobalytics.gg
Studio Wildcard,studiowildcard.com
Innersloth,innersloth.com
Mega Crit,megacrit.com
Lion Studios,lionstudios.cc
SayGames,saygames.com
Homa Games,homa.io
Supersonic Studios,supersonic.com
Product Madness,productmadness.com
Big Fish Games,bigfishgames.com
Scopely,scopely.com
That's No Moon,thatsnomoon.com
Wildlight Entertainment,wildlight.gg
Bad Robot Games,badrobotgames.com
1047 Games,1047games.com
Gunzilla Games,gunzillagames.com
Playables,playables.net
Scenario,scenario.com
Hidden Door,hiddendoor.co
Rally Here,rallyhere.gg
Guilded,guilded.gg
Blitz.gg,blitz.gg
OP.GG,op.gg
U.GG,u.gg
G2G,g2g.com
SCUF Gaming,scufgaming.com
Elgato,elgato.com
NZXT,nzxt.com
Modded Zone,moddedzone.com
Aimcontrollers,aimcontrollers.com
ProGuides,proguides.com
KovaaK's,kovaaks.com
Noodlecake Studios,noodlecake.com
Halfbrick Studios,halfbrick.com
Hipster Whale,hipsterwhale.com
Ketchapp,ketchappgames.com
CrazyLabs,crazylabs.com
TabTale,tabtale.com
Amanotes,amanotes.com
Kwalee,kwalee.com
Outfit7,outfit7.com
Miniclip,miniclip.com
Nordcurrent,nordcurrent.com
Gismart,gismart.com
Supercell,supercell.com
Moon Active,moonactive.com
Gram Games,gram.gs
Small Giant Games,smallgiantgames.com
Social Point,socialpoint.es
Nordeus,nordeus.com
Rollic,rollicgames.com
Nanobit,nanobit.com
KOLER,koler.io
Playworks,playworks.ai
Voodoo,voodoo.io
Improbable,improbable.io
Tripledot Studios,tripledotstudios.com
Space Ape Games,spaceapegames.com
Bossa Studios,bossastudios.com
Mediatonic,mediatonicgames.com
Splash Damage,splashdamage.com
Rebellion Developments,rebellion.com
Two Point Studios,twopointstudios.com
Supermassive Games,supermassivegames.com
Playground Games,playground-games.com
Ninja Theory,ninjatheory.com
Rare,rare.co.uk
Facepunch Studios,facepunch.com
Payload Studios,payloadstudios.com
Failbetter Games,failbettergames.com
Outplay Entertainment,outplayentertainment.com
Hutch Games,hutch.io
Electric Square,electricsquare.com
d3t,d3tdigital.com
Climax Studios,climaxstudios.com
Sumo Digital,sumogroup.com
Firesprite,firesprite.com
Lucid Games,lucidgames.co.uk
Jagex,jagex.com
Outpost Games,outpostgames.com
Unit 2 Games,unit2games.com
Fanatical,fanatical.com
Fnatic,fnatic.com
Excel Esports,xl.gg
Heroic Labs,heroiclabs.com
GameSparks,gamesparks.com
ChilliConnect,chilliconnect.com
deltaDNA,deltadna.com
Landvault,landvault.io
AudioMob,audiomob.com
Odeeo,odeeo.io
Larian Studios,larian.com
Slitherine,slitherine.com
FuturLab,futurlab.co.uk
Super Solid,supersolid.com
Bossa Games,bossagames.com
Inkle,inklestudios.com
Uswoop,swoop.gg
RallyOn,rallyon.com
Playdeo,playdeo.earth
Payload,payload.tech
Fallen Tree Games,fallentreegames.com
Level-5,level5.co.jp
PlatinumGames,platinumgames.com
Cygames,cygames.co.jp
Genius Sonority,geniussonority.co.jp
HAL Laboratory,hallab.co.jp
Camelot Software Planning,camelot-co.com
Intelligent Systems,intsys.co.jp
Good-Feel,good-feel.co.jp
Grezzo,grezzo.co.jp
CyberConnect2,cc2.co.jp
Grasshopper Manufacture,grasshopper.co.jp
Arc System Works,arcsystemworks.jp
Spike Chunsoft,spike-chunsoft.co.jp
Ys Net,ysnet-inc.jp
Tango Gameworks,tangogameworks.com
Mistwalker,mistwalkercorp.com
Kojima Productions,kojimaproductions.jp
Pocketpair,pocketpair.jp
Bokeh Game Studio,bokehgamestudio.co.jp
JP Games,jpgamesinc.com
Too Kyo Games,tookyogames.jp
Soleil,soleilgamestudio.com
Dimps,dimps.co.jp
Eighting,8ing.co.jp
Craft Egg,craftegg.co.jp
Game Studio Inc,gamestudio.co.jp
Polygon Magic,polygonmagic.com
Matrix Software,matrixsoft.co.jp
Cattle Call,cattle-call.co.jp
Land Ho!,landho.co.jp
tri-Ace,tri-ace.co.jp
Access Games,accessgames.co.jp
Sandlot,sandlot.jp
Tamsoft,tamsoft.co.jp
Soleil Inc,soleil.co.jp
Artdink,artdink.co.jp
Nippon Ichi Software,nipponichi.jp
System Soft Beta,ss-beta.co.jp
Success Corp,success-corp.co.jp
Jupiter Corp,jupiter.co.jp
M2,m2-systems.co.jp
Hamster Corp,hamster.co.jp
Experience Inc,exp-inc.jp
Lancarse,lancarse.co.jp
FuRyu Studio,furyu.jp
Furyu Game,cs.furyu.jp
Aquaplus,aquaplus.jp
Visual Arts,key.visualarts.gr.jp
AliceSoft,alicesoft.com
Nitroplus,nitroplus.co.jp
5pb / MAGES,mages.co.jp
Shift Inc,shiftinc.jp
GeekPics,geekpics.co.jp
Brave Group,bravegroup.co.jp
cluster,cluster.mu
ambr,ambr.co.jp
Thirdverse,thirdverse.io
CharacterBank,character-bank.com
Psychic VR Lab,psychic-vr-lab.com
Hikari Field,hikarifield.co.jp
Secretlab,secretlab.co
Battlebrew Productions,battlebrewproductions.com
Witching Hour Studios,witchinghourstudios.com
Delta Duck Labs,deltaducklabs.com
Cargo Studio,cargostudio.sg
General Interactive Co,generalinteractive.co
Soft Source Publishing,softsourcepublishing.com
Chorus Worldwide,chorusworldwide.com
Daylight Studios,daylightstudios.com
PD Design Studio,pddesignstudio.com
Rotten Mage,rottenmage.com
Sky Mavis,skymavis.com
Ethlas,ethlas.com
GuildFi,guildfi.com
Merit Circle,meritcircle.io
Froyo Games,froyo.games
Affyn,affyn.com
Everseeed,everseed.com
Play It Forward,pif.nation
YGG,yieldguild.io
Springworks,springworks.sg
The Monk Studios,themonkstudios.com
Sparkling Society,sparklingsociety.net
GameStart Asia,gamestart.asia
Indiewave,indiewave.sg
Battleground,battleground.sg
Refract Technologies,refract.gg
Natsume Atari,natsumeatari.co.jp
Virtuos,virtuosgames.com
Kura Kura Studio,kurakura.sg
Atticus,atticus.sg
Monsters Unlimited,monstersunlimited.sg
Rockstar Games,rockstargames.com
Kizuna,kizunagaming.sg
Wombat Gaming,wombat.app
Guilds,guilds.gg
BreederDAO,breederdao.io
Ancient8,ancient8.gg
Avocado DAO,avocadodao.io
Unix Gaming,unixgaming.org
Good Games Guild,goodgamesguild.com
PathDAO,pathdao.io
Big Time Studios,bigtime.gg
Illuvium,illuvium.io
Star Atlas,staratlas.com
Aurory,aurory.io
Phantom Galaxies,phantomgalaxies.com
Splinterlands,splinterlands.com
Gods Unchained,godsunchained.com
Immutable,immutable.com
Sorare,sorare.com
Dapper Labs,dapperlabs.com
Animoca Brands,animocabrands.com
Horizon Blockchain Games,horizon.io
Delphi Digital Gaming,delphidigital.io
Forte,forte.io
ZBD / Zebedee,zebedee.io
Stardust,stardust.gg
Venly,venly.io
Valve Corporation,valvesoftware.com
Wargaming,wargaming.net
Hooded Horse,hoodedhorse.com
Annapurna Interactive,annapurnainteractive.com
Raw Fury,rawfury.com
Finji,finji.co
Chucklefish,chucklefish.org
New Blood Interactive,newblood.games
Armor Games Studios,armorgamesstudios.com
No More Robots,nomorerobots.io
Fellow Traveller,fellowtraveller.games
Schell Games,schellgames.com
Resolution Games,resolutiongames.com
Fast Travel Games,fasttravelgames.com
nDreams,ndreams.com
Survios,survios.com
Polyarc Games,polyarcgames.com
Coatsink,coatsink.com
Triangular Pixels,triangularpixels.com
Secret Mode,secretmode.games
Fireshine Games,fireshinegames.co.uk
Tripwire Interactive,tripwireinteractive.com
Stardock,stardock.com
Gardens Interactive,gardens.dev
Midnight Society,midnightsociety.com
Offworld Labs,offworldlabs.com
Games By Stitch,gamesbystitch.com
Vertigo Games,vertigo-games.com
Skydance Interactive,skydance.com
First Contact Entertainment,firstcontactent.com
Anzu.io,anzu.io
Simply (formerly JoyTunes),simply.mobi
Gameram,gameram.com
SideKick Games,sidekicktx.com
Toya,toyaplay.com
Match3,match3.com
Etermax,etermax.com
Infinigames,infinigames.io
Comigo Games,comigo.games
Diddim,diddim.com
Gameffect,gameffect.com
Granite Games,granitegames.co
Spicy Sparks,spicysparks.com
I33T,i33t.com
Edge226,edge226.com
Lootopia,lootopia.com
Skills.tv,skills.tv
Funtactix,funtactix.com
Ilya Studio,ilyagames.com
GlowGrid,glowgrid.io
Kizi Games,kizi.com
GameIyo,gameiyo.com
Ilyon Games,ilyon.net
Shooter.io,shooter.io
Asobo Studio,asobostudio.com
Motion Twin,motion-twin.com
Shiro Games,shirogames.com
Ankama,ankama.com
Eugen Systems,eugen-systems.com
Sloclap,sloclap.com
Microids,microids.com
Madbox,madbox.io
Oh BiBi,ohbibi.com
Ishtar Games,ishtar.games
Tactical Adventures,tactical-adventures.com
Pastagames,pastagames.com
Goblinz Studio,goblinzstudio.com
Old Skull Games,oldskullgames.com
CCCp Studio,cccp.fr
Playwing,playwing.com
MiClos Studio,miclos.com
Blue Twelve Studio,bluetwelvestudio.com
The Game Bakers,thegamebakers.com
WanadevStudio,wanadevstudio.com
Pixel Reef,pixelreef.fr
Rundisc,rundisc.fr
Unexpected,unexpected.fr
Swing Swing Submarine,swingswingsubmarine.com
Glowstick Entertainment,glowstickentertainment.com
Gameko,gameko.fr
Bullekit,bullekit.com
Gametree,gametree.me
Ocelot Society,ocelotsociety.com
Sociogame,sociogame.fr
TAP4FUN France,tap4fun.com
Crytek,crytek.com
Gameforge,gameforge.com
Flaregames,flaregames.com
Keen Games,keengames.com
Rockfish Games,rockfishgames.com
EGOSOFT,egosoft.com
Softgames,m.softgames.com
Stratosphere Games,stratosphere-games.com
Byterockers' Games,byterockers.de
Upjers,upjers.com
Megagon Industries,megagonindustries.com
Assemble Entertainment,assemble-entertainment.com
Chimera Entertainment,chimera-entertainment.de
Kolibri Games,kolibrigames.com
Isar Interactive,isar-interactive.de
Clockwork Origins,clockwork-origins.com
Zulubo Productions,zuluboproductions.com
King Art Games,kingart-games.com
IO Interactive,ioi.dk
Giants Software,giants-software.com
Hazelight Studios,hazelight.se
Frictional Games,frictionalgames.com
Metacore Games,metacoregames.com
Mainframe Industries,themainframe.com
Redhill Games,redhillgames.com
Critical Force,criticalforce.fi
Frozenbyte,frozenbyte.com
Return Entertainment,returnentertainment.com
Traplight Games,traplight.com
Resistance Games,resistancegames.com
Action Squad Studios,actionsquadstudios.com
Superplus Games,superplusgames.com
Flashbulb Games,flashbulbgames.com
Triband,triband.net
BetaDwarf,betadwarf.com
Simogo,simogo.com
Fall Damage,falldamage.se
Midnight Hub,midnighthub.com
Cyborn,cyborn.be
Happy Volcano,happyvolcano.com
KeokeN Interactive,keokeninteractive.com
Gamehouse,gamehouse.com
Abbey Games,abbeygames.com
Sokpop Collective,sokpop.com
Vlambeer,vlambeer.com
Two Tribes,twotribes.com
Self-Made Miracle,selfmademiracle.com
Moon Studios,moonstudios.com
Rarebyte,rarebyte.com
Mipumi Games,mipumi.com
Stray Fawn Studio,strayfawnstudio.com
Indoor Astronaut,indoorastronaut.ch
Sunnyside Games,sunnysidegames.com
Krillbite Studio,krillbite.com
D-Pad Studio,dpadstudio.com
Rain Games,rain-games.com
Novarama,novarama.com
Crema Games,cremagames.com
Digital Sun,digitalsungames.com
Piccolo Studio,piccolostudio.com
Mango Protocol,mangoprotocol.com
Pentakill Studios,pentakillstudios.com
Sandstorm Interactive,sandstorminteractive.com
Covenant.dev,covenant.dev
Fool's Theory,foolstheory.com
Acid Wizard Studio,acidwizardstudio.com
Star Drifters,stardrifters.com
Tate Multimedia,tatemultimedia.com
Reikon Games,reikongames.com
Event Horizon,eventhorizon.studio
Amanita Design,amanita-design.net
Bohemia Interactive,bohemia.net
Madfinger Games,madfingergames.com
Keen Software House,keenswh.com
Warhorse Studios,warhorsestudios.cz
Wicked Games,wickedgames.studio
Hello Games,hellogames.org
Firefly Studios,fireflyworlds.com
Curve Games,curvegames.com
Size Five Games,sizefivegames.com
Superluminal Games,superluminal.co.uk
System Era Softworks,systemera.net
Prodeus / Bounding Box,prodeusgame.com
Ghost Town Games,ghosttowngames.com
Tribute Games,tributegames.com
Iron Galaxy Studios,irongalaxy.com
High Voltage Software,highvoltage.com
Certain Affinity,certainaffinity.com
Pipeworks Studios,pipeworks.com
Squanch Games,squanchgames.com
Camouflaj,camouflaj.com
Owlchemy Labs,owlchemylabs.com
Stress Level Zero,stresslevelzero.com
Windup Games,windupgames.com
Brutal Simplicity,brutalsimplicity.com
Modl.ai,modl.ai
Layer.ai,layer.ai
Charisma.ai,charisma.ai
Looty,looty.gg
Nexus.gg,nexus.gg
Tebex,tebex.io
CraftingStore,craftingstore.net
Elixir Games,elixir.app
HyperPlay,hyperplay.xyz
Xterio,xterio.foundation
Polium,polium.com
Playtron,playtron.one
Valist,valist.io
Ultra.io,ultra.io
Gala Games,gala.com
Faraway,faraway.com
Shrapnel / Neon Machine,shrapnel.com
Pocketful of Quarters,gamequarters.com
CGpect,cgpect.com
Thirdweb Gaming,thirdweb.com
ChainSafe Gaming,chainsafe.io
ZeroTech Gaming,zerotech.com
Plai Labs,plailabs.com
Proof of Play,proofofplay.com
Pudgy Penguins Gaming,pudgypenguins.com
Azuki Gaming,azuki.com
Doodles Gaming,doodles.app
Degods Gaming,degods.com
Pixelmon,pixelmon.ai
Nyan Heroes,nyanheroes.com
Parallel Finance Gaming,parallel.life
Lightbulb Crew,lightbulbcrew.com
Triskell Interactive,triskell-interactive.fr
Wild Sheep Studio,wildsheepstudio.com
Alkemi Games,alkemi-games.com
Enigami,enigami.fr
Le Cortex,lecortex.com
Fishing Cactus,fishingcactus.com
Homo Ludens,homoludens.fr
Kipik Games,kipikgames.fr
Arte France Games,arte.tv/artegames
Sand Door Studio,sanddoorstudio.com
Accidental Queens,accidentalqueens.com
Atelier QDB,atelierqdb.com
Novaquark,novaquark.com
Klang Games,klang-games.com
Saarbrooklyn Studios,saarbrooklyn.com
Bunnyhop Studios,bunnyhopstudios.de
Gamevasion,gamevasion.de
Pixel Maniacs,pixel-maniacs.com
Gentlymad Studios,gentlymad.org
Shingle Studio,shinglestudio.de
Osmotic Studios,osmoticstudios.com
Kaigan Games,kaigangames.com
Mooneye Studios,mooneyestudios.com
Slow Bros.,slowbros.online
Neko Studio Spain,nekostudio.es
Devicious,devicious.es
Raiser Games,raisergames.com
Tequila Works,tequilaworks.com
Virtual Toys,virtualtoys.com
Invader Studios,invaderstudios.net
Reply Game Studios,replygamestudios.com
Thing Trunk,thingtrunk.com
Monster Couch,monstercouch.com
Juggler Games,jugglergames.com
Robotoki,robotoki.com
Massive Cube,massivecube.com
Flying Wild Hog,flyingwildhog.com
Gamerats,gamerats.co.uk
Spilt Milk Studios,spiltmilkstudios.com
White Paper Games,whitepapergames.com
Ground Shatter,groundshatter.com
Wales Interactive,walesinteractive.com
Fireproof Games,fireproofgames.com
State of Play Games,stateofplaygames.com
Tag Games,tag-games.com
Steel Series Gaming,steelseries.com
Landfall Games,landfall.se
Coldwood Interactive,coldwood.com
Expansive Worlds,expansiveworlds.com
Invisible Walls,invisiblewalls.co
Logic Artists,logicartists.com
Bedtime Digital Games,bedtime.io
Die Gute Fabrik,gutefabrik.com
PortaPlay,portaplay.dk
Ultra Ultra,ultraultra.com
Red Barrels,redbarrelsgames.com
Iron Gate Studio,irongatestudio.se
Subset Games,subsetgames.com
Hopoo Games,hopoogames.com
Extremely OK Games,exok.com
ConcernedApe,stardewvalley.net
Mantis Games,mantisgames.com
Mantis Studios,mantisstudios.com
CBE Software,cbe-software.com
Wolcen Studio,wolcengame.com
Artefacts Studio,artefacts-studio.com
Black Pixel Studio,blackpixelstudio.fr
Redlock Studio,redlock-studio.com
Moonlight Studios Israel,moonlight.co.il
Piggy Kingdom,piggykingdom.com
BrainSins Gaming,brainsins.com
Seed by Seed,seedbyseed.fr
Nerd Monkeys,nerdmonkeys.pt
Playable Worlds,playableworlds.com
Kinetic Games,kineticgames.co.uk
Aggro Crab,aggrocrab.com
Panic Inc,panic.com
Black Salt Games,blacksaltgames.com
Crows Crows Crows,crowscrowscrows.com
Sad Cat Studios,sadcatstudios.com
The Gentlebros,thegentlebros.com
Chibig Studio,chibig.com
Red Hook Studios,redhookgames.com
Playstack,playstack.com
Poncle,poncle.games
Massive Monster,massivemonster.co
Savage Level,savagelevel.com
Wild River Games,wildriver.games
Soulgame Interactive,soulgame.com
Dodge Roll,dodgeroll.com
Bithell Games,bithellgames.com
Crazy Monkey Studios,crazymonkeystudios.com
Triangle Studios,triangle-studios.com
Walaber Entertainment,walaber.com
Vblank Entertainment,vblank.com
Radiangames,radiangames.com
Kitfox Games,kitfoxgames.com
Bay 12 Games,bay12games.com
Zachtronics,zachtronics.com
Towa Games,towagames.com
Skystone Games,skystone.games
Armor Games Inc,armorgames.com
Apogee Entertainment,apogeeent.com
Running With Scissors,runningwithscissors.com
TaleWorlds Entertainment,taleworlds.com
Shiro Unlimited FR,shiro-unlimited.com
Pixel Titans,pixeltitans.com
Glass Bottom Games,glassbottomgames.com
Cozy Game Pals,cozygamepals.com
Rose City Games,rosecitygames.com
Aforethought Games,aforethoughtgames.com
Percepto,percepto.co
Xtend,xtend.ai
Gadfin,gadfin.com
Highlander,highlander.ai
Sightec,sightec.com
FlyTech,flytech.co.il
CivDrone,civdrone.com
Airwayz,airwayz.co
Robotican,robotican.co
Bluewhite,bluewhite.ai
Wonder Robotics,wonder.aero
Cando Drones,candodrones.com
Steadicopter,steadicopter.com
Aerobotix,aerobotix.co.il
Sentrycs,sentrycs.com
Skylock,skylock1.com
Dronery,dronery.co.il
ThirdEye Systems,thirdeye-systems.com
Flybound,flybound.tech
SeeTree,seetree.ai
Tevel Aerobotics,tevel-tech.com
Kandu Drones,kandudrones.com
Bental Motion,bental.co.il
Simplex Interactive,simplex-mapping.com
Airobotics IL,airoboticsdrones.com
Delair,delair.aero
Azur Drones,azurdrones.com
VoltAero,voltaero.aero
Elistair,elistair.com
Donecle,donecle.com
Flying Whales,flying-whales.com
Dronisos,dronisos.com
Squadrone System,squadrone-system.com
XSun,xsun.fr
Cavok UAS,cavok-uas.com
EOS Technologie,eos-technologie.com
Hylight,hylight.aero
Sunbirds,sunbirds.aero
Hexadrone,hexadrone.fr
Flyingeye,flyingeye.fr
Boreal SAS,boreal-uas.com
Aeromapper,aeromapper.com
Dronavia,dronavia.com
Instadrone,instadrone.fr
Redbird SAS,redbird.fr
StudioSport Drones,studiosport.fr
Lumiere Drones,lumieredrones.fr
Aero-Drones,aero-drones.fr
AtechSys,atechsys.fr
Dronement,dronement.fr
SupAero Drones,supaero.fr
Garuda Aerospace,garudaaerospace.com
Skylark Drones,skylarkdrones.com
Dhaksha Unmanned Systems,dhakshadrones.com
Aarav Unmanned Systems,aus.co.in
Throttle Aerospace Systems,throttleaerospace.com
EndureAir Systems,endureair.tech
TechEagle,techeagle.in
Redwing Labs,redwinglabs.in
UrbanMatrix Technologies,urbanmatrix.co.in
Flyworks,flyworks.in
Marut Drones,marutdrones.com
IoTechWorld Avigation,iotechworld.com
TSAW Drones,tsaw.tech
BonV Aero,bonvaero.com
Raphe mPhibr,raphe.in
Omnipresent Robot Technologies,omnipresent.in
BotLab Dynamics,botlabdynamics.com
Thanos Technologies,thanos.in
Airpix,airpix.in
AutoMicroUAS,automid.in
General Aeronautics,generalaeronautics.com
Multiplex Drone,multiplexdrone.com
Sky Air Mobility,skyair.tech
Hubblefly Technologies,hubblefly.com
DronesTech Lab,dronestechlab.com
Indrajaal,indrajaal.in
PteroDynamics,pterodynamics.com
Vectors3D,vectors3d.in
Vimaan Drones,vimaandrones.com
Quidich Innovation Labs,quidich.com
Flyability,flyability.com
Verity,verity.net
Dufour Aerospace,dufour.aero
RigiTech,rigitech.ch
Tinamu Labs,tinamu-labs.com
Drone Harmony,droneharmony.com
Involi,involi.com
SwissDrones,swissdrones.com
Voliro,voliro.com
Aeroscout,aeroscout.ch
Daedalean,daedalean.ai
Jenseits Drones,jenseits.ch
Flybotix,flybotix.com
Germandrones,germandrones.com
Third Element Aviation,3ea.de
FlyNex,flynex.io
Droniq,droniq.de
HHLA Sky,hhla-sky.de
Globe UAV,globe-uav.com
Microdrones,microdrones.com
Schiebel,schiebel.net
CycloTech,cyclotech.at
Airborne Robotics,airbornerobotics.at
Flyby Drones,flybydrones.de
Emqopter,emqopter.de
Multirotor Service,multirotor-service.de
SkySails Power,skysails-power.com
Swoop Aero,swoop.aero
Carbonix,carbonix.com.au
Ninox Robotics,ninoxrobotics.com.au
Mirragin,mirragin.com.au
Sphere Drones,spheredrones.com.au
Emesent,emesent.com
Kea Aerospace,keaaerospace.com
Aeronavics,aeronavics.com
Skyborne,skybornetech.com
Frenzys Drones,frenzysdrones.com.au
InDro Robotics,indrorobotics.ca
SkyX,skyx.com
Spexi,spexi.com
Pegasus Imagery,pegasusimagery.ca
Infinitus Unmanned,infinitus-uav.com
Apex Drones Canada,apexdrones.ca
Cleo Robotics,cleorobotics.com
Avy,avy.eu
Atmos UAV,atmosuav.com
AceCore Technologies,acecoretechnologies.com
Aerialtronics,aerialtronics.com
Alpha Unmanned Systems,alphaunmanned-systems.com
Umiles,umilesgroup.com
Dronetools,dronetools.es
Aerotools UAV,aerotoolsuav.com
UAV Works,uavworks.es
Drone Hopper,dronehopper.com
FlyingBasket,flyingbasket.com
EuroLink Systems,eurolinksystems.com
Italdron,italdron.com
Manta Aircraft,mantaaircraft.com
Griff Aviation,griffaviation.com
Aviant,aviant.no
KVS Technologies,kvstechnologies.com
Everdrone,everdrone.com
Katam Technologies,katam.se
Globhe,globhe.com
Sky-Hero,sky-hero.com
SABCA Unmanned,sabca.be
Dronamics,dronamics.com
Flyex,flyex.com.br
XMobots,xmobots.com.br
Speedbird Pilot,speedbird.aero
Maya Drones,mayadrones.com
Air Defense Ltd,airdefense.co.il
SurvAE,survae.fr
Airborne Concept,airborne-concept.com
Heliceo,heliceo.com
AltiGator,altigator.com
Skyrea,skyrea.fr
Dronact,dronact.fr
Sniptech Drones,sniptech.fr
DroneGeofencing,dronegeofencing.fr
Drone Process,droneprocess.fr
Vian Drones,viandrones.com
Aero360,aero360.my
FedAnode,fedanode.in
DronesAntech,dronesantech.in
Airspace,airspaceindia.com
Suora Drones,suoradrones.com
Airfrov Drones,airfrov.in
Vaman Drones,vamandrones.com
Zenith Drones,zenithdrones.in
Kisan Drones,kisandrones.in
Agrinet Drones,agrinetdrones.com
AgriBot,agribot.in
AeroKats,aerokats.in
DroneIt Germany,droneit.de
Fair Fleet,fairfleet.co
Copnet Drones,copnet.de
Airial Robotics,airialrobotics.com
Avular,avular.com
Unmanned Valley,unmannedvalley.nl
Dronewatch,dronewatch.nl
AeroVinci,aerovinci.nl
Mavlab,mavlab.nl
AirHub,airhub.app
DroneLogbook,dronelogbook.com
Flyertech,flyertech.ch
AeroTain,aerotain.com
SwissAerospace,swissaerospace.ch
Apian,apian.aero
Neutron Drones,neutrondrones.co.uk
Aero-Ventures,aero-ventures.co.uk
Dronology,dronology.co.uk
AirshipX,airshipx.co.uk
DroneSafe Register,dronesaferegister.org.uk
Skye Browse,skyebrowse.com
Airspace Intelligence,airspaceintelligence.com
Skylift,skylift.aero
Dronesmith Technologies,dronesmith.io
AeroSystems,aerosystems.io
Unmanned Life,unmanned.life
AeroSystems West,aerosystemswest.com
UAV-America,uav-america.com
C-Astral Aerospace,c-astral.com
Skyqraft,skyqraft.com
Fixar,fixar.pro
Atlas Aerospace,atlasaerospace.eu
Kespry,kespry.com
TraceMachina,tracemachina.com
Squading Drones,squading.com
Airborne Drones,airbornedrones.co
AeroSurv,aerosurv.co.za
DroneScan,dronescan.co
Symmetric Drones,symmetricdrones.com
Aerosens,aerosens.com
Coretronic Intelligent Robotics,circ.com.tw
UAV Navigation,uavnavigation.com
Nearthlab,nearthlab.com
Pablo Air,pabloair.com
Marine Drone,marinedronetech.com
Preneu,preneu.com
Volant Aerotech,volant.aero
TCab,tcabtech.com
Pantuo Aviation,pantuoaviation.com
Zero Zero Robotics,zerozero.tech
HighGreat,hg-fly.com
Flywoo,flywoo.net
BETAFPV,betafpv.com
iFlight,iflight-rc.com
GEPRC,geprc.com
EMAX Model,emax-usa.com
Diatone,diatone.us
CaddxFPV,caddxfpv.com
RunCam,runcam.com
Foxeer,foxeer.com
Matek Systems,mateksys.com
Holybro,holybro.com
